n_cells_target	scale	max_diff	median_diff	min_pearson	n
1000	1k	1.38777878078145e-16	8.32667268468867e-17	1	36
10000	10k	1.38777878078145e-16	8.32667268468867e-17	1	36
25000	25k	1.38777878078145e-16	8.32667268468867e-17	1	36
5000	5k	1.11022302462516e-16	6.93889390390723e-17	1	36
50000	50k	1.11022302462516e-16	8.32667268468867e-17	1	36
all	all	1.11022302462516e-16	8.32667268468867e-17	1	36
