component	median	q25	q75	n
Network aggregation	0.997583711379852	0.983174393391881	1.01396577862508	216
Probability kernel	11.3527980672899	6.45599794383004	15.3936497832185	216
Pathway aggregation	1.0352472524149	1.01287664619244	1.06506024397215	216
