n_cells_target	scale	scale_rev	baseline_med	baseline_q25	baseline_q75	accel_med	accel_q25	accel_q75	speedup_med	speedup_q25	speedup_q75	n
1000	1k	1k	179.1725	142.3815	238.3225	4.4005	3.6835	6.4785	37.3673716643561	32.7931842497496	45.6954772355793	36
5000	5k	5k	314.3285	235.317	373.613	19.071	16.6325	25.13425	15.2958830402622	13.1763037141181	17.5091182480558	36
10000	10k	10k	425.508	314.52625	451.126	34.359	31.929	38.458	11.0038992038164	9.42300902757445	12.5703547641734	36
25000	25k	25k	498.0755	444.89925	600.341	67.8215	46.2545	88.58125	8.04312340250268	6.20198644475313	10.1388852830955	36
50000	50k	50k	497.647	443.07125	699.66475	70.587	45.683	130.08325	5.97849150068015	5.32001800720038	10.32999104919	36
all	all	all	495.698	444.13375	748.301	69.8245	45.8835	139.91025	5.95332453873789	5.01858824241343	10.2628619022781	36
