n_cells_target	n_cells_factor	baseline_median_sec	accelerated_median_sec	speedup_median	speedup_q25	speedup_q75	n
1000	1k	179.1725	4.4005	37.3673716643561	32.7931842497496	45.6954772355793	36
5000	5k	314.3285	19.071	15.2958830402622	13.1763037141181	17.5091182480558	36
10000	10k	425.508	34.359	11.0038992038164	9.42300902757445	12.5703547641734	36
25000	25k	498.0755	67.8215	8.04312340250268	6.20198644475313	10.1388852830955	36
50000	50k	497.647	70.587	5.97849150068015	5.32001800720038	10.32999104919	36
all	all	495.698	69.8245	5.95332453873789	5.01858824241343	10.2628619022781	36
