n_cells_target	n	baseline_elapsed_sec	dense_rcpp_elapsed_sec	sparse_exact_elapsed_sec	sparse_stream_elapsed_sec	baseline_vs_sparse_stream_speedup	dense_vs_sparse_stream_speedup	sparse_exact_vs_sparse_stream_speedup	active_fraction
1000	36	179.1725	4.4005	4.736	2.909	55.2854150229888	1.44766349033477	1.5616185764611	0.0311125278129
5000	36	314.3285	19.071	19.9605	10.008	26.754457400483	1.70584658444812	1.85587006085648	0.027147540701788
10000	36	425.508	34.359	36.598	17.773	20.1179770927999	1.81360685955222	1.86828750349599	0.0274677085280354
25000	36	498.0755	67.8215	69.45	32.9865	15.2720158681384	1.89404251741246	2.0113750531113	0.0243281298975032
50000	36	497.647	70.587	69.6985	33.35	14.0536619721452	1.88390597619627	1.93709439827783	0.0267552867093397
all	36	495.698	69.8245	71.1245	33.0125	13.2481103245206	1.94682900161925	2.03304515987841	0.0280503232304793
