G	K	nLR	nboot	active_prob	dense_median_sec	sparse_median_sec	sparse_speedup_vs_dense	active_pairs	skipped_pairs	total_pairs	active_fraction	max_abs_prob_diff	max_abs_pval_diff	pearson_prob	pearson_pval	dense_elapsed_all	sparse_elapsed_all
300	16	600	40	0.15	0.121	0.0129999999999999	9.30769230769238	3679	149921	153600	0.0239518229166667	0	0	1	1	0.132000;0.121000;0.097000	0.009000;0.014000;0.013000
300	32	600	40	0.15	0.285	0.0179999999999998	15.8333333333335	14383	600017	614400	0.0234098307291667	0	0	1	1	0.319000;0.271000;0.285000	0.031000;0.016000;0.018000
300	48	600	40	0.15	0.593	0.0499999999999998	11.86	31540	1350860	1382400	0.0228153935185185	0	0	1	1	0.532000;0.593000;0.647000	0.050000;0.053000;0.035000
300	16	600	40	0.25	0.133	0.00900000000000034	14.7777777777772	9744	143856	153600	0.0634375	0	0	1	1	0.133000;0.126000;0.137000	0.006000;0.009000;0.012000
300	32	600	40	0.25	0.325	0.0210000000000008	15.4761904761899	37647	576753	614400	0.0612744140625	0	0	1	1	0.325000;0.324000;0.360000	0.038000;0.021000;0.016000
300	48	600	40	0.25	0.74	0.0359999999999996	20.5555555555558	81732	1300668	1382400	0.0591232638888889	0	0	1	1	0.740000;0.758000;0.670000	0.036000;0.045000;0.030000
