object	level	cells	genes	groups	lr	nboot	dense_sec	sparse_sec	sparse_speedup_vs_dense	active_pairs	skipped_pairs	total_pairs	active_fraction	n_genes_kernel	n_simple_ondemand_lr	n_other_lr	boot_tri_mean_evals	max_abs_prob_diff	max_abs_pval_diff	pearson_prob	pearson_pval
namecheck_3ca_10x_n200	full_sparse_exact	200	NA	3	464	20	2.799	0.217000000000001	12.8986175115207	95	4081	4176	0.0227490421455939	995	NA	NA	NA	0	0	1	1
namecheck_3ca_10x_n200	full_sparse_exact_subset_boot	200	NA	3	464	20	2.799	0.156000000000001	17.9423076923076	95	4081	4176	0.0227490421455939	339	NA	NA	NA	0	0	1	1
namecheck_3ca_10x_n200	full_sparse_exact_ondemand_simple	200	NA	3	464	20	2.799	0.152	18.4144736842105	95	4081	4176	0.0227490421455939	393	188	276	2640	0	0	1	1
namecheck_3ca_10x_n200	kernel_only_after_common_precompute	200	NA	3	464	20	0.00300000000000011	0.000999999999999446	3.00000000000178	95	4081	4176	0.0227490421455939	NA	NA	NA	NA	0	0	1	1
prjna490728_5k	full_sparse_exact	5000	997	25	1748	20	2.925	2.748	1.06441048034934	41968	1050532	1092500	0.0384146453089245	997	NA	NA	NA	0	0	1	1
prjna490728_5k	full_sparse_exact_subset_boot	5000	997	25	1748	20	2.925	2.767	1.05710155402964	41968	1050532	1092500	0.0384146453089245	949	NA	NA	NA	0	0	1	1
prjna490728_5k	full_sparse_exact_ondemand_simple	5000	997	25	1748	20	2.925	3.662	0.798743855816493	41968	1050532	1092500	0.0384146453089245	1064	753	995	149400	0	0	1	1
prjna490728_5k	kernel_only_after_common_precompute	5000	997	25	1748	20	0.149000000000001	0.0569999999999986	2.61403508771938	41968	1050532	1092500	0.0384146453089245	NA	NA	NA	NA	0	0	1	1
